0.000000,14.109909,13.262473,11.377138,12.296865,10.048667,12.725308,12.310468,12.135245,12.097312,13.834300,13.175399,14.247290,11.995810,11.394221,14.430114,13.411973,11.272608,11.826057,9.737952,13.031765,13.000483,10.998719,14.648419,14.172731,12.528935,14.405871,12.517024,12.246804,14.035310,11.391178,12.358861,14.477526,11.419857,16.901114,13.594597,15.022011,14.471847,12.727235,10.572753,13.831124,11.147646,11.619413,12.153925,16.961884,11.830775,12.846953,13.794567,11.452097,14.313997,11.443645,11.236901,14.311719,13.308789,14.604133,13.360250,12.912505,14.220059,11.195657,13.770274,11.899793,14.129689,14.211818,11.689314,12.025296,14.303290,11.770558,11.337439,12.222905,16.208621,12.488139,13.328177,12.536122,14.514421,14.158149,12.620135,13.773956,15.083989,12.700243,13.348651,13.101144,9.770942,12.702734,13.910120,15.010074
14.109909,0.000000,12.030686,14.108901,13.038779,13.713902,13.741316,13.920980,12.890497,12.659486,16.127520,15.754168,11.500063,15.012945,14.127267,11.422200,13.570468,10.997076,14.215297,14.465170,13.235058,11.389432,13.834154,14.552564,15.469381,11.484968,11.675303,11.300873,12.124978,14.640428,13.863788,11.026981,13.382481,11.621652,16.270618,12.422190,14.933436,13.818437,11.312615,13.690532,14.963758,13.973965,12.159978,12.199945,14.760267,13.998526,13.686368,13.757545,13.328476,16.177986,15.167591,13.526521,13.428153,11.809036,15.465726,12.257428,14.098274,13.790314,14.552118,11.336716,11.423655,11.470405,12.737319,10.954752,10.135493,14.581923,13.772839,12.135242,12.924271,12.777437,13.264588,10.878440,13.861900,12.660330,12.959691,13.644342,14.095545,16.664310,12.558363,11.149834,12.559104,11.963954,11.042129,11.754100,16.310606
13.262473,12.030686,0.000000,12.727752,12.727008,13.162302,10.781997,11.906011,12.263358,12.949625,15.872358,13.690959,12.323819,12.871390,13.403777,14.501152,11.655780,14.272028,16.111566,15.347169,13.779365,10.954752,12.521862,14.459621,15.208144,14.571214,12.088766,15.375903,16.101101,12.605229,13.489639,13.492662,13.591013,12.376131,16.156243,13.010940,11.737455,15.330048,14.440281,12.533996,13.205800,13.468391,11.427192,14.240319,12.563479,12.416609,10.575334,14.861441,14.154250,13.906350,12.556900,14.302363,12.079916,12.029876,14.534498,14.769147,12.759702,14.628359,11.169872,10.870251,12.208981,10.905769,13.030947,12.086880,13.746524,11.007019,13.304946,11.284842,12.303519,14.082341,15.293314,11.948564,14.047017,13.799803,10.710968,13.512242,13.018284,14.732918,10.333937,14.662378,11.019001,12.328351,7.030379,10.938422,16.868085
11.377138,14.108901,12.727752,0.000000,11.463912,13.427670,11.412142,10.455602,11.121194,10.806278,11.761258,12.213003,11.349668,11.704877,12.911964,11.995312,10.822283,10.828820,12.495582,10.684656,11.541279,12.216176,12.165440,12.402245,13.401727,12.855933,13.811549,11.346961,13.470919,13.734604,12.777102,13.288639,12.256594,10.491858,18.179949,9.760936,14.140790,12.581809,13.956739,13.427929,13.586542,13.255407,9.599267,12.802676,14.087404,11.728722,13.043038,11.376069,12.636785,13.677695,12.144325,15.740876,14.231145,10.427713,15.661679,11.522413,12.005008,12.404566,12.695529,11.901431,10.381013,11.304974,11.734474,11.595323,11.486560,12.011327,12.285103,11.501644,12.798511,10.327228,10.805625,11.597914,11.321391,12.543831,13.196424,10.401299,10.596828,16.360326,12.343365,9.491509,15.181718,14.047913,9.608130,10.718553,15.337597
12.296865,13.038779,12.727008,11.463912,0.000000,12.320268,12.141614,12.130798,10.187774,12.444284,14.735553,13.984068,12.676945,10.573969,13.577441,13.045729,12.067816,11.208163,11.546013,11.516004,9.643120,12.316188,14.197853,11.451477,13.292172,11.515974,13.988410,14.133065,9.366614,14.637968,11.410557,13.474493,10.391662,11.647363,15.702975,12.640454,14.076202,14.110102,14.939229,13.916344,15.476289,13.276338,11.534732,11.411471,13.481318,14.688534,14.643168,15.464527,13.315018,13.607656,10.591440,14.359385,14.956820,11.696537,15.375118,13.776088,10.264396,11.698183,12.340708,11.421151,13.237116,13.630012,12.586584,11.480815,12.227125,12.778851,8.151879,13.488121,11.531227,10.208046,12.955519,9.749270,11.525183,12.065308,13.441074,11.686919,13.725722,16.430671,12.024425,14.138558,14.194903,12.471385,12.887963,12.778739,15.686900
10.048667,13.713902,13.162302,13.427670,12.320268,0.000000,10.547420,11.617428,13.583240,12.678806,14.518029,12.301715,12.485555,12.522340,11.627218,13.311986,10.998159,11.175187,10.475014,11.860602,13.840833,11.066221,12.321066,12.854312,15.910529,12.101757,13.956658,15.910707,12.452988,12.868267,12.457723,10.024538,13.015254,11.162000,16.913163,11.654803,10.835400,14.699864,14.218338,11.529965,13.346134,11.365514,10.518139,12.596770,15.736333,11.174370,10.681834,13.567915,13.737716,10.852398,11.515100,9.718723,14.745798,13.608302,13.591602,13.442707,12.901789,14.553185,13.804687,13.323575,14.201961,13.478256,12.204662,12.245219,11.259153,15.052238,12.638819,11.357143,13.688090,13.875365,10.729236,12.863048,12.156453,10.324861,9.435361,12.011219,13.797621,16.097778,11.375270,12.386587,14.683802,11.362880,11.127315,11.452147,14.186707
12.725308,13.741316,10.781997,11.412142,12.141614,10.547420,0.000000,12.320937,13.096474,12.458394,14.852119,13.823134,13.184785,12.947471,14.335606,13.130431,12.614578,11.019970,10.169466,11.557632,10.918093,11.598559,12.372821,11.476003,15.375616,13.288804,11.759461,12.393068,13.611685,13.218399,10.368926,12.881504,12.583861,11.385150,13.608497,9.034727,11.245364,13.881799,12.095219,12.344673,11.772797,11.982989,10.723528,11.329831,15.400668,11.811782,12.811839,14.547035,10.960060,14.881672,9.176919,10.600045,12.569895,12.359074,10.599144,12.445111,12.840611,12.392812,13.048463,11.282403,12.003582,12.387402,12.861861,10.913976,11.345629,12.117768,13.553712,11.485329,12.817106,12.916340,12.829681,15.532561,12.619359,15.173605,10.618369,12.759222,11.855122,17.810809,10.596255,11.462151,16.014839,12.789316,11.719280,12.921645,17.178198
12.310468,13.920980,11.906011,10.455602,12.130798,11.617428,12.320937,0.000000,13.399815,10.788827,11.290180,12.562908,11.831309,10.484877,13.971853,11.107813,11.218767,12.527838,10.788228,13.004470,11.908824,11.800668,14.652775,12.914596,13.975026,15.568648,13.643551,15.008334,11.523865,13.318292,11.442126,12.626305,13.132709,14.671917,15.093279,11.101363,14.229549,16.198946,13.336465,12.364812,14.765845,14.446437,12.799480,11.951333,11.975577,14.889552,13.676864,12.959283,13.790521,13.012513,12.426477,13.508953,14.702623,13.590559,15.327261,11.374748,11.049624,14.827157,15.232890,12.681347,11.891746,14.654897,14.029865,12.535815,12.399819,16.354179,12.530066,11.074107,13.427656,15.453779,12.238896,12.407237,13.456171,12.836245,11.297445,14.493785,12.560314,13.636747,12.745613,13.476991,16.139634,13.044914,9.827010,15.025811,11.699145
12.135245,12.890497,12.263358,11.121194,10.187774,13.583240,13.096474,13.399815,0.000000,10.159487,15.381445,16.975554,12.344138,14.228805,12.448272,12.003811,13.219422,12.632808,15.203909,12.109475,13.192719,13.145570,16.297826,14.957993,17.038881,13.979028,13.950599,15.590304,13.497776,13.265079,14.881745,13.884067,12.333487,13.470083,15.413734,13.817654,14.428978,11.402969,14.409402,12.156193,15.080288,14.241767,14.218504,15.089573,16.160464,15.547005,14.790512,15.391321,14.492931,15.928555,13.447274,14.721412,14.327876,11.910776,14.017957,12.118684,14.549900,15.569216,11.557849,11.903216,8.972810,11.405890,12.420030,14.093629,13.298438,17.197464,16.059600,9.303314,12.826977,15.024664,12.400008,13.301274,11.547408,15.582653,10.936049,12.589402,13.770139,16.832584,10.854238,12.179080,16.270124,10.554366,11.337421,11.499946,15.767579
12.097312,12.659486,12.949625,10.806278,12.444284,12.678806,12.458394,10.788827,10.159487,0.000000,13.307871,15.132607,13.045682,11.919224,13.580771,12.166667,13.857109,7.987729,14.953839,9.715222,14.474241,12.114586,10.433604,13.335333,14.065897,12.715854,15.830399,11.698104,12.049437,13.546404,11.607921,11.788726,12.183588,10.835708,14.722660,11.742544,10.351735,10.241303,15.108568,11.388532,11.852026,11.867810,11.771948,10.369987,13.701107,13.666453,13.253454,11.091976,9.068233,11.320864,12.333884,11.801187,9.954979,11.624983,14.129840,9.905569,14.112089,13.336797,11.109707,13.731149,9.121914,11.544201,12.773035,12.968444,12.120737,12.828297,10.950965,12.968478,13.846725,14.549109,9.606170,12.284331,11.976573,13.113165,12.755208,11.511982,12.544839,15.896639,10.602730,12.081855,14.412504,11.762350,7.483359,9.938467,10.965634
13.834300,16.127520,15.872358,11.761258,14.735553,14.518029,14.852119,11.290180,15.381445,13.307871,0.000000,15.556966,9.586154,14.949092,16.188653,13.921931,14.017372,14.752508,11.504886,14.153899,11.844049,14.522075,12.350902,14.733166,18.870549,15.011564,16.236706,12.696695,15.530664,15.741602,12.470222,11.716931,15.014255,12.559199,17.236304,13.884576,15.025797,16.619981,15.378192,15.797682,10.741661,13.062533,10.927137,11.785632,13.955548,14.870322,13.056667,14.654187,10.986633,14.523354,13.772904,9.681371,12.512934,13.305415,14.771671,15.246336,14.991500,12.851448,16.505847,14.590251,13.021711,16.127167,15.022446,14.970517,14.510628,13.094335,13.562598,12.279062,12.577887,14.607730,13.586616,19.140487,13.100351,13.938756,12.931823,14.671002,13.416934,19.679810,10.238439,14.640995,13.837042,14.176413,14.507201,12.345068,16.564198
13.175399,15.754168,13.690959,12.213003,13.984068,12.301715,13.823134,12.562908,16.975554,15.132607,15.556966,0.000000,14.816351,15.262205,11.768629,13.517843,13.679472,12.783010,12.772167,16.706026,14.951836,13.825952,15.354899,14.413138,14.087080,14.438682,13.446155,13.491985,13.089258,13.677961,16.371436,15.468956,15.108656,15.489226,17.466406,11.587825,14.222587,19.284820,10.401912,13.561009,12.030347,11.260103,14.790762,15.174617,14.527013,16.268878,14.984903,18.115609,12.891367,11.454461,11.171672,11.945615,14.312283,13.724674,13.003102,14.546004,15.085642,16.707445,13.593063,10.678241,13.497461,13.236782,16.695716,12.159858,15.420708,15.563094,13.829652,13.426835,14.185004,15.091359,13.769835,15.080941,12.680661,14.308499,13.963100,15.969544,14.779757,17.188503,12.273741,15.548367,17.623692,12.688387,14.249253,13.013351,13.272264
14.247290,11.500063,12.323819,11.349668,12.676945,12.485555,13.184785,11.831309,12.344138,13.045682,9.586154,14.816351,0.000000,14.430336,15.090701,8.275221,12.977979,10.022146,13.853739,12.367705,12.223628,13.758654,11.829954,13.498937,13.760407,13.359204,13.899615,13.876690,11.632643,14.988617,12.136410,12.207000,13.436078,12.414710,14.744937,14.076209,12.219346,15.979452,11.566597,11.822092,13.387882,11.679262,12.299427,12.401687,13.103621,15.542653,12.169935,12.327596,13.363462,12.962892,13.186138,12.527889,13.386737,11.015762,15.290742,13.128440,11.613289,14.183146,13.091792,11.214727,12.879149,11.774691,13.563544,11.956779,12.839561,15.278798,12.038227,13.735520,12.796002,12.641639,12.676712,15.173614,12.466807,13.213839,12.080642,11.308732,13.192430,17.592923,12.979406,12.382687,16.200231,13.589811,15.618542,12.134893,15.883633
11.995810,15.012945,12.871390,11.704877,10.573969,12.522340,12.947471,10.484877,14.228805,11.919224,14.949092,15.262205,14.430336,0.000000,10.289872,12.512555,10.853768,10.566866,12.407168,12.097820,14.558191,10.515322,14.479103,12.838172,10.978966,12.406064,14.294441,15.124555,12.533015,10.679474,12.932543,13.170556,13.634618,11.383851,9.189662,12.921368,12.834337,14.360637,15.442134,13.477640,15.496437,11.919802,14.097236,10.706543,13.736477,13.240816,13.617300,13.577460,11.941103,13.713123,13.470950,14.197178,14.886093,12.481572,11.973044,11.102324,12.597508,14.533197,12.760261,12.599884,13.125684,10.802669,15.880032,12.423551,13.526842,15.397188,11.016570,10.967977,13.598439,12.209316,13.893994,13.176403,9.502348,12.948556,12.571865,13.901459,13.300752,13.813919,12.978593,11.417382,15.120264,13.258295,12.976041,11.110282,12.451443
11.394221,14.127267,13.403777,12.911964,13.577441,11.627218,14.335606,13.971853,12.448272,13.580771,16.188653,11.768629,15.090701,10.289872,0.000000,15.316447,10.676387,13.511451,15.838216,12.863023,14.862493,14.462756,9.909864,17.120127,17.614105,10.789868,14.470846,13.609848,13.726398,14.607369,11.171019,13.946453,14.875395,16.874805,17.601221,12.696856,16.977754,13.498980,15.278416,10.963831,16.560143,12.477897,14.139352,13.862283,15.861338,11.375098,15.916146,14.690180,13.004851,14.108279,13.798453,14.610673,17.005941,13.282186,15.564772,15.240181,16.489025,16.066379,14.247638,10.454865,14.356335,12.213953,15.744363,14.112302,12.952243,16.253409,15.172008,13.258601,14.480702,14.936545,12.460631,11.233122,11.112753,16.484667,13.727964,13.062195,12.679789,20.311495,13.529269,14.710538,17.432940,13.205996,12.524620,12.111189,16.399989
14.430114,11.422200,14.501152,11.995312,13.045729,13.311986,13.130431,11.107813,12.003811,12.166667,13.921931,13.517843,8.275221,12.512555,15.316447,0.000000,10.372958,9.912779,12.725769,13.147242,13.728925,13.453112,14.570988,14.906691,16.104586,14.223494,12.190670,14.654357,12.447717,14.393458,11.808965,14.003881,12.750423,14.911290,14.880831,10.428955,14.655604,14.856597,16.452340,11.367771,12.424347,13.065521,13.914382,9.764338,14.090360,12.963348,11.969048,12.402689,11.477260,12.096994,13.984754,15.833569,13.257275,12.185494,14.503179,12.001649,13.373144,13.066882,13.751822,11.337278,10.533628,14.003936,14.021925,9.238894,12.938590,13.158616,12.381450,11.003941,11.947859,13.611526,12.695068,16.440026,12.867842,12.850250,13.543889,12.419222,10.208225,15.711685,11.082133,12.382170,16.948543,11.229621,9.944153,13.020298,12.898381
13.411973,13.570468,11.655780,10.822283,12.067816,10.998159,12.614578,11.218767,13.219422,13.857109,14.017372,13.679472,12.977979,10.853768,10.676387,10.372958,0.000000,12.416974,11.292205,11.517128,13.516854,13.424824,13.832452,11.537460,10.597844,14.141676,12.871564,15.319860,8.852400,12.244009,11.040439,12.933820,11.805683,14.489465,17.291368,13.872545,15.635729,11.998896,15.111765,13.054463,14.160251,13.814831,12.043375,11.495603,13.645871,11.738477,12.921572,15.381402,12.555439,14.204331,12.008307,10.849569,15.094924,12.288113,14.098539,12.258865,12.842514,13.256451,14.935443,11.768613,12.222626,13.172708,14.842014,9.818944,11.868513,13.692179,12.900355,13.011959,12.423876,13.434282,13.024927,10.117043,12.736110,15.117793,11.727211,13.092522,12.240548,17.476153,11.188082,13.460141,14.228521,13.810425,11.161285,13.534594,16.988312
11.272608,10.997076,14.272028,10.828820,11.208163,11.175187,11.019970,12.527838,12.632808,7.987729,14.752508,12.783010,10.022146,10.566866,13.511451,9.912779,12.416974,0.000000,13.160112,11.660383,11.584026,12.897842,12.600902,13.171392,14.590914,10.892205,13.855387,12.993202,12.283233,12.686870,11.639326,14.289304,11.347833,12.450222,12.104631,7.394948,11.208575,13.015248,13.818361,12.573511,11.568506,13.048302,12.224232,12.868740,10.871076,13.106638,11.987758,11.239667,10.249179,15.120609,13.467357,15.010955,12.448098,7.959516,12.253922,12.122174,10.484755,10.003056,10.937278,12.543060,13.126150,14.912615,13.611781,12.077242,12.559812,14.568144,12.346317,11.721607,12.168183,13.233014,12.862823,11.902998,9.989715,12.105587,14.333204,11.891870,10.407066,14.366188,11.451679,8.347189,15.734092,13.270876,7.550324,11.490764,14.611812
11.826057,14.215297,16.111566,12.495582,11.546013,10.475014,10.169466,10.788228,15.203909,14.953839,11.504886,12.772167,13.853739,12.407168,15.838216,12.725769,11.292205,13.160112,0.000000,12.230197,12.379909,10.311073,13.794471,11.218427,15.591243,14.288413,10.964768,12.490180,14.194791,8.879570,10.890246,13.732250,12.275443,13.715693,18.217119,14.048253,14.415343,16.109036,13.125396,13.737939,14.016322,10.723795,15.382209,13.756326,15.083062,13.625663,13.330474,15.422446,14.454908,10.243374,14.537595,13.525069,16.153376,10.411722,13.444985,14.079668,12.190375,14.557156,11.355914,8.981019,12.696644,15.499354,12.235645,13.191788,15.330901,15.075320,12.812589,13.248226,12.064268,15.263430,12.415125,12.857609,11.941586,11.662724,12.500316,12.604138,12.348358,16.792419,12.098645,15.827469,12.710169,12.892701,13.667188,13.993839,16.028554
9.737952,14.465170,15.347169,10.684656,11.516004,11.860602,11.557632,13.004470,12.109475,9.715222,14.153899,16.706026,12.367705,12.097820,12.863023,13.147242,11.517128,11.660383,12.230197,0.000000,13.538632,15.319267,14.254323,15.984681,14.400032,13.224299,12.081632,13.080480,12.348243,12.785517,14.415276,12.408544,12.165446,13.170219,15.612145,12.321717,12.923104,16.505424,12.400905,12.956215,14.238870,12.526524,12.956763,12.282043,13.514218,15.761101,13.086207,10.438347,13.354018,12.495440,15.721577,13.034545,14.352538,10.809256,10.521651,13.943272,12.850253,11.003310,10.818488,12.484169,13.479884,14.130092,16.288493,9.597892,12.629108,14.976572,14.532154,12.692210,12.390048,15.710333,10.950416,14.550863,11.117430,14.019614,13.143964,11.970404,10.715501,16.522086,11.598700,14.311255,15.150153,13.451521,13.612004,12.608604,14.516106
13.031765,13.235058,13.779365,11.541279,9.643120,13.840833,10.918093,11.908824,13.192719,14.474241,11.844049,14.951836,12.223628,14.558191,14.862493,13.728925,13.516854,11.584026,12.379909,13.538632,0.000000,14.713177,11.882205,13.874818,16.295132,13.195762,10.407292,8.709880,12.351122,15.011028,12.280361,13.601611,12.966343,13.602421,11.639455,13.777447,13.192218,16.266013,12.157298,11.736878,14.465838,11.390261,10.713482,13.557936,11.747928,12.311038,11.867857,11.551722,12.861137,14.831204,11.147983,13.865081,14.369740,13.115373,12.803848,10.004237,13.337393,10.287454,12.721179,16.032157,11.360583,12.553968,14.184830,14.029689,13.763377,16.270025,13.363091,10.150992,11.032660,12.364328,12.887799,14.579373,12.648640,11.508362,11.996311,14.028622,11.368665,17.254849,13.073020,13.678261,14.173502,10.970998,11.476227,13.389653,12.934100
13.000483,11.389432,10.954752,12.216176,12.316188,11.066221,11.598559,11.800668,13.145570,12.114586,14.522075,13.825952,13.758654,10.515322,14.462756,13.453112,13.424824,12.897842,10.311073,15.319267,14.713177,0.000000,12.260620,10.172226,13.355139,12.127681,12.296628,16.752490,10.534721,13.117846,13.790254,12.623034,13.526290,12.413743,12.964427,12.754893,15.240713,14.717698,14.520685,15.698506,13.729537,9.626709,11.486027,11.568604,12.483340,14.166791,8.823601,15.149889,12.634610,13.721550,11.323235,10.189343,14.124344,11.177630,15.980526,13.461597,13.236267,13.728410,11.159507,14.263280,12.224202,11.806232,14.625407,11.628614,11.490992,17.144656,10.557303,11.714747,15.263983,12.426917,13.800806,14.200989,13.651687,11.314169,13.718720,13.314160,15.205127,15.973692,10.576206,12.273196,14.684898,11.869915,12.816190,12.079212,16.171013
10.998719,13.834154,12.521862,12.165440,14.197853,12.321066,12.372821,14.652775,16.297826,10.433604,12.350902,15.354899,11.829954,14.479103,9.909864,14.570988,13.832452,12.600902,13.794471,14.254323,11.882205,12.260620,0.000000,10.844759,14.786814,11.626139,13.247194,14.136119,14.346920,11.056567,14.852452,12.316833,12.360623,12.704935,17.067208,12.275243,9.891170,13.687938,12.232611,10.062842,12.147090,8.971301,11.136553,14.419131,11.239841,15.110264,13.799929,14.027125,12.578661,14.461279,14.410324,14.767949,10.471130,13.346453,13.193023,14.153726,14.027656,12.720061,14.849492,12.072891,12.839915,14.301719,13.585455,11.998443,13.185544,15.967523,12.338751,12.309966,10.726300,14.287564,12.429721,15.386533,10.811545,14.304488,8.298192,13.314246,15.194752,19.328081,12.307087,13.191885,12.084374,12.180681,15.551232,10.229823,17.244244
14.648419,14.552564,14.459621,12.402245,11.451477,12.854312,11.476003,12.914596,14.957993,13.335333,14.733166,14.413138,13.498937,12.838172,17.120127,14.906691,11.537460,13.171392,11.218427,15.984681,13.874818,10.172226,10.844759,0.000000,13.077311,12.039230,14.422219,16.499009,12.417425,10.704137,13.377802,12.325984,11.477497,13.924034,17.215938,14.919572,12.464117,17.841427,15.475696,11.755691,15.867762,14.626796,12.500080,10.893038,13.343206,12.340771,13.369255,16.552381,14.362276,13.515529,14.329147,12.262904,15.185884,10.933076,14.568893,13.962537,11.331653,11.770491,14.843079,12.746577,13.702172,12.750733,14.055330,12.487983,14.137984,14.116038,14.000655,10.815860,15.133687,15.201024,14.085584,12.736485,13.041065,13.441132,12.562152,10.946850,12.633280,17.167346,13.855334,13.816571,12.883367,15.941580,14.510581,14.898573,15.675103
14.172731,15.469381,15.208144,13.401727,13.292172,15.910529,15.375616,13.975026,17.038881,14.065897,18.870549,14.087080,13.760407,10.978966,17.614105,16.104586,10.597844,14.590914,15.591243,14.400032,16.295132,13.355139,14.786814,13.077311,0.000000,15.752754,16.186184,14.337232,13.713862,14.573322,14.747364,13.497498,17.658849,14.370810,20.081291,16.841900,15.925888,19.150008,18.803828,16.131816,17.040287,12.803133,13.112894,13.270543,15.136443,12.333929,13.089188,18.067984,16.385629,13.170034,17.775590,17.184403,15.150585,17.208654,16.701106,14.788867,15.322900,16.052039,15.536538,12.996594,14.005432,14.602046,17.624543,12.061105,17.486644,17.840110,15.738710,14.192250,11.602748,17.164639,12.178981,11.574369,14.531324,18.515289,15.104499,15.448132,15.476860,13.835163,13.656217,14.851222,14.256986,16.105250,16.407091,14.494687,12.152832
12.528935,11.484968,14.571214,12.855933,11.515974,12.101757,13.288804,15.568648,13.979028,12.715854,15.011564,14.438682,13.359204,12.406064,10.789868,14.223494,14.141676,10.892205,14.288413,13.224299,13.195762,12.127681,11.626139,12.039230,15.752754,0.000000,13.576523,14.965236,12.779886,13.124621,12.332797,14.083994,9.915180,13.265818,15.279118,11.650629,14.516212,12.046398,12.971349,12.300284,14.688575,13.020897,12.232492,14.746903,11.008666,16.546501,12.993225,11.189336,11.570910,14.168784,13.881137,11.913250,13.301046,13.368204,14.142356,14.859362,13.595026,12.620131,10.537516,10.500329,14.124573,14.274160,14.147348,11.080248,11.901871,13.368352,11.756888,11.787678,11.378993,15.387798,10.808181,15.852191,11.698189,11.499184,12.641827,10.426041,12.907029,20.324115,15.071030,13.455400,15.945418,12.283075,15.231437,12.525665,17.975032
14.405871,11.675303,12.088766,13.811549,13.988410,13.956658,11.759461,13.643551,13.950599,15.830399,16.236706,13.446155,13.899615,14.294441,14.470846,12.190670,12.871564,13.855387,10.964768,12.081632,10.407292,12.296628,13.247194,14.422219,16.186184,13.576523,0.000000,13.474256,14.441853,14.738473,13.358668,13.990891,15.335688,13.000507,13.753859,12.869816,10.796051,12.685453,10.847742,9.578838,12.181651,11.974560,14.841676,15.221460,16.390555,12.964245,12.281862,16.991612,14.792455,13.497916,13.031512,12.490174,12.415225,9.379548,12.152741,12.687910,9.917448,14.877137,14.422004,12.287391,10.696998,12.001509,11.209772,9.898068,12.740345,11.112611,10.850212,13.081332,12.111064,11.901028,12.373892,12.267154,12.397807,11.490725,11.827230,13.376042,12.127360,17.109182,10.503974,15.113309,15.373867,10.536066,14.622979,16.601504,14.998052
12.517024,11.300873,15.375903,11.346961,14.133065,15.910707,12.393068,15.008334,15.590304,11.698104,12.696695,13.491985,13.876690,15.124555,13.609848,14.654357,15.319860,12.993202,12.490180,13.080480,8.709880,16.752490,14.136119,16.499009,14.337232,14.965236,13.474256,0.000000,12.406160,16.701808,12.846912,14.319697,14.319260,13.231569,13.261417,13.094979,12.854173,12.350394,15.612613,15.973403,16.167272,14.757965,11.577048,14.160898,15.109506,16.462188,13.716391,12.109270,14.948786,16.396939,16.458132,11.870279,11.589209,12.868202,12.860854,15.482734,15.056125,13.010792,15.432427,14.336595,14.397283,14.470363,15.004405,12.803926,10.764892,17.677801,14.722942,14.314555,14.779515,11.374054,10.673777,13.791226,12.233331,17.537203,16.929803,13.278518,12.997581,17.370693,13.017796,12.265898,18.840753,13.184586,14.455343,15.445320,12.734347
12.246804,12.124978,16.101101,13.470919,9.366614,12.452988,13.611685,11.523865,13.497776,12.049437,15.530664,13.089258,11.632643,12.533015,13.726398,12.447717,8.852400,12.283233,14.194791,12.348243,12.351122,10.534721,14.346920,12.417425,13.713862,12.779886,14.441853,12.406160,0.000000,12.646770,15.359319,13.635644,11.196569,16.014670,15.887832,11.737136,13.150450,15.972084,15.764747,14.829864,15.223503,14.107582,12.891711,10.082925,12.886730,12.124852,12.953203,15.698484,14.141844,13.147674,12.250939,13.833000,15.856894,15.049118,15.512785,11.775235,10.778412,12.695967,13.401193,14.665455,11.644304,10.211121,14.610731,11.070982,14.767985,17.542568,12.708672,10.362172,13.055738,14.471274,12.505559,10.829081,12.482997,13.296075,11.859956,12.996150,14.401926,14.563595,11.302097,13.347534,15.415675,13.813743,11.894210,12.914849,16.649682
14.035310,14.640428,12.605229,13.734604,14.637968,12.868267,13.218399,13.318292,13.265079,13.546404,15.741602,13.677961,14.988617,10.679474,14.607369,14.393458,12.244009,12.686870,8.879570,12.785517,15.011028,13.117846,11.056567,10.704137,14.573322,13.124621,14.738473,16.701808,12.646770,0.000000,15.662649,13.793462,13.399264,11.691939,16.428908,9.878190,13.101922,13.899016,14.853061,12.211686,13.181873,12.449070,12.747312,14.614855,11.281060,13.459423,10.985436,13.615997,10.436939,14.903361,14.476909,10.890357,14.710926,13.789530,13.898826,16.288890,13.837528,15.536275,13.153175,13.008260,15.415173,16.176026,13.221241,12.696144,13.218609,16.576740,13.565277,11.872206,14.683864,13.997055,12.885777,14.512404,11.089677,14.098800,13.513818,13.103096,13.435236,19.288803,15.915375,12.996217,14.838067,15.071075,12.500875,8.720514,18.147732
11.391178,13.863788,13.489639,12.777102,11.410557,12.457723,10.368926,11.442126,14.881745,11.607921,12.470222,16.371436,12.136410,12.932543,11.171019,11.808965,11.040439,11.639326,10.890246,14.415276,12.280361,13.790254,14.852452,13.377802,14.747364,12.332797,13.358668,12.846912,15.359319,15.662649,0.000000,13.566088,12.211135,11.970770,14.673815,13.163743,13.211544,13.076132,13.979823,11.786927,14.786437,14.313326,11.546734,13.132269,14.193561,14.660044,13.002323,12.165862,10.549810,11.615539,13.329419,12.441265,14.441675,14.000296,11.709903,12.335009,9.337734,13.382004,13.478685,12.643444,12.404401,13.187492,12.993975,11.181208,12.933766,13.368508,13.263285,12.320530,12.971221,14.285185,10.375084,16.071056,12.027264,10.169285,14.335919,14.056023,10.737116,17.292051,12.255489,13.941677,14.772505,13.094799,12.212773,12.780865,11.235827
12.358861,11.026981,13.492662,13.288639,13.474493,10.024538,12.881504,12.626305,13.884067,11.788726,11.716931,15.468956,12.207000,13.170556,13.946453,14.003881,12.933820,14.289304,13.732250,12.408544,13.601611,12.623034,12.316833,12.325984,13.497498,14.083994,13.990891,14.319697,13.635644,13.793462,13.566088,0.000000,12.543298,10.866077,16.100246,13.684301,12.879941,13.135410,11.393977,13.144944,10.253706,12.979913,14.600628,14.618167,15.890250,14.224913,14.633499,11.575089,11.451363,15.850083,12.970097,14.336089,13.942197,12.610421,13.114795,15.104413,14.287145,13.047166,14.705843,12.707632,13.456929,14.094245,14.585950,12.829511,13.172160,13.177500,12.774584,8.664831,12.973446,14.288283,9.515629,16.933084,10.031124,15.284729,12.606632,12.213077,14.621067,20.025836,11.670957,15.072961,11.157827,12.727185,14.358524,12.274935,15.217391
14.477526,13.382481,13.591013,12.256594,10.391662,13.015254,12.583861,13.132709,12.333487,12.183588,15.014255,15.108656,13.436078,13.634618,14.875395,12.750423,11.805683,11.347833,12.275443,12.165446,12.966343,13.526290,12.360623,11.477497,17.658849,9.915180,15.335688,14.319260,11.196569,13.399264,12.211135,12.543298,0.000000,14.243520,15.961185,12.878150,13.966334,14.918827,12.690809,12.548357,10.510716,14.530254,11.034237,9.863302,15.154898,14.426834,14.618880,13.947921,11.751787,13.874169,13.540013,14.411167,15.277513,13.814696,13.427990,13.610372,11.756597,13.974256,13.784581,8.809993,12.482811,13.266311,13.661896,11.442277,10.914310,15.996342,13.321475,11.947934,9.627910,12.131299,11.278541,12.939095,12.021241,12.063590,11.376263,11.038477,13.966744,17.665629,10.581584,9.001680,16.987768,14.340239,14.798458,11.734449,15.346452
11.419857,11.621652,12.376131,10.491858,11.647363,11.162000,11.385150,14.671917,13.470083,10.835708,12.559199,15.489226,12.414710,11.383851,16.874805,14.911290,14.489465,12.450222,13.715693,13.170219,13.602421,12.413743,12.704935,13.924034,14.370810,13.265818,13.000507,13.231569,16.014670,11.691939,11.970770,10.866077,14.243520,0.000000,14.678176,13.014734,14.032228,14.534532,12.035076,12.958666,13.155666,11.662156,11.464072,13.673305,14.791475,16.455144,10.079734,12.768969,10.514780,13.569535,16.837324,13.431935,15.373425,14.487603,13.291145,15.746556,13.311293,11.407689,11.381980,10.344298,12.736997,13.983862,14.266247,13.900216,11.353005,12.823710,11.389339,12.056403,13.329240,12.862304,13.669277,12.987957,13.959398,14.304470,11.531746,14.498952,15.937319,18.376853,15.221112,12.177538,13.177865,12.587754,11.760268,15.662336,16.865481
16.901114,16.270618,16.156243,18.179949,15.702975,16.913163,13.608497,15.093279,15.413734,14.722660,17.236304,17.466406,14.744937,9.189662,17.601221,14.880831,17.291368,12.104631,18.217119,15.612145,11.639455,12.964427,17.067208,17.215938,20.081291,15.279118,13.753859,13.261417,15.887832,16.428908,14.673815,16.100246,15.961185,14.678176,0.000000,17.900164,15.444402,16.531958,14.197875,15.435695,16.066085,14.681828,13.452326,13.321431,15.129477,16.423713,15.474136,12.634811,14.608328,15.978892,13.758582,14.217905,15.660973,17.215070,15.332467,15.671436,14.830689,14.944347,14.488033,17.008199,15.512078,17.012780,17.476163,16.452961,15.971339,17.565062,13.577096,15.215952,13.385274,18.098410,16.019620,20.237926,17.818380,12.364416,13.399141,15.330903,16.923834,15.903583,15.745106,14.604871,19.442678,14.147746,16.407359,16.847020,14.403219
13.594597,12.422190,13.010940,9.760936,12.640454,11.654803,9.034727,11.101363,13.817654,11.742544,13.884576,11.587825,14.076209,12.921368,12.696856,10.428955,13.872545,7.394948,14.048253,12.321717,13.777447,12.754893,12.275243,14.919572,16.841900,11.650629,12.869816,13.094979,11.737136,9.878190,13.163743,13.684301,12.878150,13.014734,17.900164,0.000000,13.559729,13.080792,15.151742,12.842911,12.674120,12.221907,10.941664,12.034258,12.839419,14.048730,11.286787,12.784728,13.568938,13.230053,14.020975,12.150748,12.546667,13.319531,13.981391,14.194817,12.036999,13.248703,14.260907,12.690646,11.337014,13.771163,10.371128,13.032720,12.187745,12.265230,10.003681,11.919502,10.278593,12.838027,11.499137,16.027815,12.383382,14.526600,12.601255,13.249862,13.338387,13.965947,11.358948,10.714925,13.286734,11.893703,13.063311,9.542549,14.538996
15.022011,14.933436,11.737455,14.140790,14.076202,10.835400,11.245364,14.229549,14.428978,10.351735,15.025797,14.222587,12.219346,12.834337,16.977754,14.655604,15.635729,11.208575,14.415343,12.923104,13.192218,15.240713,9.891170,12.464117,15.925888,14.516212,10.796051,12.854173,13.150450,13.101922,13.211544,12.879941,13.966334,14.032228,15.444402,13.559729,0.000000,13.973913,14.268647,14.202576,13.311693,13.413750,11.855292,14.785258,11.418290,15.162781,13.419157,15.930976,14.361808,13.576463,15.913870,15.220482,11.642312,14.014947,16.541624,13.552791,14.682666,14.873263,13.734302,12.594285,11.814487,15.406174,11.420911,10.797748,13.176395,14.789815,12.455748,10.895232,13.959050,16.827489,13.348274,15.622962,13.004475,13.627324,11.912883,12.824165,13.789468,18.667678,11.928469,12.747479,16.018289,11.869063,14.810845,10.064762,12.386391
14.471847,13.818437,15.330048,12.581809,14.110102,14.699864,13.881799,16.198946,11.402969,10.241303,16.619981,19.284820,15.979452,14.360637,13.498980,14.856597,11.998896,13.015248,16.109036,16.505424,16.266013,14.717698,13.687938,17.841427,19.150008,12.046398,12.685453,12.350394,15.972084,13.899016,13.076132,13.135410,14.918827,14.534532,16.531958,13.080792,13.973913,0.000000,15.121412,15.363840,16.824195,14.766600,13.143567,15.188322,14.452983,17.134654,14.590937,13.843994,15.264261,14.241713,15.543740,14.533419,15.411319,13.841585,10.551958,15.750387,14.004051,13.515967,16.153849,14.626925,14.608674,13.113748,17.026157,10.563022,15.388897,16.709074,13.947957,14.809228,13.134456,19.069892,12.693367,17.481875,12.419675,13.536999,15.676762,15.639815,15.342656,18.853967,12.921501,13.737605,16.026141,11.668250,15.794325,13.882922,13.267570
12.727235,11.312615,14.440281,13.956739,14.939229,14.218338,12.095219,13.336465,14.409402,15.108568,15.378192,10.401912,11.566597,15.442134,15.278416,16.452340,15.111765,13.818361,13.125396,12.400905,12.157298,14.520685,12.232611,15.475696,18.803828,12.971349,10.847742,15.612613,15.764747,14.853061,13.979823,11.393977,12.690809,12.035076,14.197875,15.151742,14.268647,15.121412,0.000000,12.875327,11.447198,16.254327,15.660126,13.451353,18.766157,18.054217,14.059395,9.876422,15.118767,16.237083,16.782416,11.848040,13.566123,13.432665,10.717815,16.939448,15.302224,13.369645,13.725202,16.411390,14.743165,16.087039,15.465252,12.899485,13.288837,16.978399,15.937258,8.254731,12.952968,14.229312,13.515801,16.662716,12.084229,13.465187,14.853127,15.590687,16.891071,20.844555,13.543115,15.932669,11.723374,13.013229,16.064867,12.687120,15.681497
10.572753,13.690532,12.533996,13.427929,13.916344,11.529965,12.344673,12.364812,12.156193,11.388532,15.797682,13.561009,11.822092,13.477640,10.963831,11.367771,13.054463,12.573511,13.737939,12.956215,11.736878,15.698506,10.062842,11.755691,16.131816,12.300284,9.578838,15.973403,14.829864,12.211686,11.786927,13.144944,12.548357,12.958666,15.435695,12.842911,14.202576,15.363840,12.875327,0.000000,15.597338,13.940070,12.867367,12.619146,14.335451,12.129527,14.108284,15.000590,11.335483,13.763770,13.341168,12.754957,14.343100,13.197521,11.195489,12.441552,11.185025,11.812632,15.352204,11.984792,13.374856,15.100946,14.258706,11.673839,10.978448,14.974208,14.282200,11.023609,13.313142,16.372512,13.828261,13.289373,12.546145,12.861428,12.913207,12.403304,14.222957,16.035337,10.852611,11.599488,14.171542,12.417253,14.070773,10.433495,13.000768
13.831124,14.963758,13.205800,13.586542,15.476289,13.346134,11.772797,14.765845,15.080288,11.852026,10.741661,12.030347,13.387882,15.496437,16.560143,12.424347,14.160251,11.568506,14.016322,14.238870,14.465838,13.729537,12.147090,15.867762,17.040287,14.688575,12.181651,16.167272,15.223503,13.181873,14.786437,10.253706,10.510716,13.155666,16.066085,12.674120,13.311693,16.824195,11.447198,15.597338,0.000000,13.289130,12.499321,14.848215,14.597160,14.263600,11.850622,15.436776,13.650640,13.771143,14.133684,14.939321,13.357412,12.710877,14.441804,12.975572,12.682668,12.258279,12.847084,11.321965,13.859974,15.191027,13.239406,15.390146,12.906605,11.041268,13.907020,10.194144,13.910424,13.125267,13.675576,16.272319,14.642580,13.249750,13.131571,15.407593,15.165071,18.348276,11.258874,12.481197,15.498996,13.626000,13.112497,13.950382,14.561100
11.147646,13.973965,13.468391,13.255407,13.276338,11.365514,11.982989,14.446437,14.241767,11.867810,13.062533,11.260103,11.679262,11.919802,12.477897,13.065521,13.814831,13.048302,10.723795,12.526524,11.390261,9.626709,8.971301,14.626796,12.803133,13.020897,11.974560,14.757965,14.107582,12.449070,14.313326,12.979913,14.530254,11.662156,14.681828,12.221907,13.413750,14.766600,16.254327,13.940070,13.289130,0.000000,13.489585,15.605070,15.972031,13.683678,13.536032,14.278103,13.707125,15.578445,12.069619,14.119978,14.937988,16.230661,16.079955,13.655302,10.204912,13.834914,13.541411,12.559504,13.912571,16.180244,14.713463,11.907131,13.794469,16.035730,12.826380,12.579776,12.704260,15.100529,12.729071,15.835738,11.052862,13.072160,12.245344,12.804342,14.687159,16.962641,13.334426,13.724254,12.255694,10.353566,14.097020,11.628641,14.667582
11.619413,12.159978,11.427192,9.599267,11.534732,10.518139,10.723528,12.799480,14.218504,11.771948,10.927137,14.790762,12.299427,14.097236,14.139352,13.914382,12.043375,12.224232,15.382209,12.956763,10.713482,11.486027,11.136553,12.500080,13.112894,12.232492,14.841676,11.577048,12.891711,12.747312,11.546734,14.600628,11.034237,11.464072,13.452326,10.941664,11.855292,13.143567,15.660126,12.867367,12.499321,13.489585,0.000000,15.304716,12.325208,14.061102,12.041583,13.000178,13.336798,15.296541,13.212419,14.308795,11.619205,14.010868,14.200088,11.090572,14.372349,13.057293,11.891059,12.388940,7.464769,10.979415,12.220239,11.676698,11.979713,12.814855,11.533004,11.778264,10.679767,13.150215,11.558262,13.434589,12.704342,12.680239,14.001580,12.580215,14.267294,16.452310,11.973212,14.627074,12.137274,10.169204,11.055558,10.925455,14.701332
12.153925,12.199945,14.240319,12.802676,11.411471,12.596770,11.329831,11.951333,15.089573,10.369987,11.785632,15.174617,12.401687,10.706543,13.862283,9.764338,11.495603,12.868740,13.756326,12.282043,13.557936,11.568604,14.419131,10.893038,13.270543,14.746903,15.221460,14.160898,10.082925,14.614855,13.132269,14.618167,9.863302,13.673305,13.321431,12.034258,14.785258,15.188322,13.451353,12.619146,14.848215,15.605070,15.304716,0.000000,15.311246,13.767900,13.483179,11.570405,14.814444,12.854186,13.062692,15.300734,14.365241,12.930060,13.950851,10.483635,10.705343,12.684302,14.757227,13.674495,13.535066,13.285726,14.790570,13.633064,12.154849,15.438075,12.127222,12.885949,13.987501,13.816735,15.796147,14.869651,11.565109,14.007970,13.867461,14.544970,10.714065,15.233375,12.417190,10.323951,14.812645,11.555894,12.045569,11.473724,11.235198
16.961884,14.760267,12.563479,14.087404,13.481318,15.736333,15.400668,11.975577,16.160464,13.701107,13.955548,14.527013,13.103621,13.736477,15.861338,14.090360,13.645871,10.871076,15.083062,13.514218,11.747928,12.483340,11.239841,13.343206,15.136443,11.008666,16.390555,15.109506,12.886730,11.281060,14.193561,15.890250,15.154898,14.791475,15.129477,12.839419,11.418290,14.452983,18.766157,14.335451,14.597160,15.972031,12.325208,15.311246,0.000000,13.182406,15.315393,14.951795,11.408097,14.003123,14.370150,15.339444,12.979049,10.871229,14.412358,10.434747,12.810034,16.043796,13.643679,13.493111,12.708977,13.719530,12.542120,13.896163,13.410925,14.154046,15.522419,12.811072,12.670458,14.087516,13.799128,14.052046,14.859936,13.844593,14.412982,16.382271,9.702313,13.911420,12.331861,11.073148,16.942407,12.666801,13.837405,16.339455,15.041801
11.830775,13.998526,12.416609,11.728722,14.688534,11.174370,11.811782,14.889552,15.547005,13.666453,14.870322,16.268878,15.542653,13.240816,11.375098,12.963348,11.738477,13.106638,13.625663,15.761101,12.311038,14.166791,15.110264,12.340771,12.333929,16.546501,12.964245,16.462188,12.124852,13.459423,14.660044,14.224913,14.426834,16.455144,16.423713,14.048730,15.162781,17.134654,18.054217,12.129527,14.263600,13.683678,14.061102,13.767900,13.182406,0.000000,14.886103,16.702265,11.944861,10.135848,14.975603,15.420673,14.847968,15.136153,15.196025,13.657547,13.855999,15.500876,11.371508,13.574320,13.529661,13.828465,15.624582,14.834979,17.459518,15.524126,13.934654,12.766578,15.442017,17.836606,13.517033,10.659289,12.855697,15.884082,15.104203,15.774830,14.591813,19.494179,13.882881,15.583957,15.834017,16.780510,12.106087,12.784963,15.366974
12.846953,13.686368,10.575334,13.043038,14.643168,10.681834,12.811839,13.676864,14.790512,13.253454,13.056667,14.984903,12.169935,13.617300,15.916146,11.969048,12.921572,11.987758,13.330474,13.086207,11.867857,8.823601,13.799929,13.369255,13.089188,12.993225,12.281862,13.716391,12.953203,10.985436,13.002323,14.633499,14.618880,10.079734,15.474136,11.286787,13.419157,14.590937,14.059395,14.108284,11.850622,13.536032,12.041583,13.483179,15.315393,14.886103,0.000000,13.603981,11.493867,13.072065,14.503330,12.552399,14.126265,14.431782,13.935306,13.408649,13.007599,15.388439,12.631649,14.744119,12.792519,14.797595,11.751081,13.282048,13.713126,12.825338,13.703596,12.374271,13.279877,14.054673,13.046340,15.899902,12.509510,12.967255,9.286291,11.900583,14.919813,15.369744,11.537840,13.132666,15.444733,10.759860,13.138295,12.333425,14.479651
13.794567,13.757545,14.861441,11.376069,15.464527,13.567915,14.547035,12.959283,15.391321,11.091976,14.654187,18.115609,12.327596,13.577460,14.690180,12.402689,15.381402,11.239667,15.422446,10.438347,11.551722,15.149889,14.027125,16.552381,18.067984,11.189336,16.991612,12.109270,15.698484,13.615997,12.165862,11.575089,13.947921,12.768969,12.634811,12.784728,15.930976,13.843994,9.876422,15.000590,15.436776,14.278103,13.000178,11.570405,14.951795,16.702265,13.603981,0.000000,13.776441,13.633900,15.170801,9.104737,13.877147,11.301857,15.742296,11.564201,14.487884,12.120920,11.357527,13.105587,14.586402,14.015034,11.854820,13.108281,12.537921,15.762681,12.084524,14.079143,13.766118,13.881455,15.926412,14.219604,13.403832,12.539062,15.506513,11.307894,15.241081,17.353410,12.628472,12.762307,14.247187,15.014945,11.826720,14.164347,16.427709
11.452097,13.328476,14.154250,12.636785,13.315018,13.737716,10.960060,13.790521,14.492931,9.068233,10.986633,12.891367,13.363462,11.941103,13.004851,11.477260,12.555439,10.249179,14.454908,13.354018,12.861137,12.634610,12.578661,14.362276,16.385629,11.570910,14.792455,14.948786,14.141844,10.436939,10.549810,11.451363,11.751787,10.514780,14.608328,13.568938,14.361808,15.264261,15.118767,11.335483,13.650640,13.707125,13.336798,14.814444,11.408097,11.944861,11.493867,13.776441,0.000000,12.352520,13.816286,14.953853,15.241698,12.554662,14.760964,10.923007,11.665102,13.949572,14.286988,14.111662,13.619462,12.794282,12.431061,11.598748,10.951645,15.409418,14.036102,10.287291,10.802343,13.882988,8.958821,12.681392,13.692138,13.761537,13.282563,10.873309,13.083929,16.037672,12.233503,13.902864,16.004222,14.687182,14.171518,12.655439,12.676172
14.313997,16.177986,13.906350,13.677695,13.607656,10.852398,14.881672,13.012513,15.928555,11.320864,14.523354,11.454461,12.962892,13.713123,14.108279,12.096994,14.204331,15.120609,10.243374,12.495440,14.831204,13.721550,14.461279,13.515529,13.170034,14.168784,13.497916,16.396939,13.147674,14.903361,11.615539,15.850083,13.874169,13.569535,15.978892,13.230053,13.576463,14.241713,16.237083,13.763770,13.771143,15.578445,15.296541,12.854186,14.003123,10.135848,13.072065,13.633900,12.352520,0.000000,14.274685,11.281405,13.219790,12.320597,13.092625,10.115457,15.012942,15.253932,15.508301,14.212540,15.629204,12.434018,16.059798,12.636652,13.750532,12.847242,14.693693,12.541093,13.546581,16.690160,13.949153,16.592088,14.411541,14.526393,14.639908,13.694531,14.975244,14.105543,12.938049,12.134449,14.594733,14.136823,13.552901,15.352951,15.776245
11.443645,15.167591,12.556900,12.144325,10.591440,11.515100,9.176919,12.426477,13.447274,12.333884,13.772904,11.171672,13.186138,13.470950,13.798453,13.984754,12.008307,13.467357,14.537595,15.721577,11.147983,11.323235,14.410324,14.329147,17.775590,13.881137,13.031512,16.458132,12.250939,14.476909,13.329419,12.970097,13.540013,16.837324,13.758582,14.020975,15.913870,15.543740,16.782416,13.341168,14.133684,12.069619,13.212419,13.062692,14.370150,14.975603,14.503330,15.170801,13.816286,14.274685,0.000000,14.149220,15.351586,11.714332,12.965466,11.525134,13.031380,12.365590,12.804544,12.954514,14.065843,13.065129,15.118932,12.315620,13.043331,14.077711,10.779198,12.673209,15.142552,12.152605,13.527982,13.616797,10.229132,12.007492,13.648420,15.098571,11.672683,18.193061,11.848299,13.551252,12.220155,12.701658,14.006504,11.980768,17.042886
11.236901,13.526521,14.302363,15.740876,14.359385,9.718723,10.600045,13.508953,14.721412,11.801187,9.681371,11.945615,12.527889,14.197178,14.610673,15.833569,10.849569,15.010955,13.525069,13.034545,13.865081,10.189343,14.767949,12.262904,17.184403,11.913250,12.490174,11.870279,13.833000,10.890357,12.441265,14.336089,14.411167,13.431935,14.217905,12.150748,15.220482,14.533419,11.848040,12.754957,14.939321,14.119978,14.308795,15.300734,15.339444,15.420673,12.552399,9.104737,14.953853,11.281405,14.149220,0.000000,14.975465,15.401796,11.385114,15.774068,13.226833,14.454402,12.446362,12.284053,11.785717,12.280553,11.804488,11.822623,13.802226,14.029020,13.361430,12.176449,10.445525,17.570136,12.479137,14.725023,13.032481,13.994565,12.509867,14.793052,13.760978,19.287180,12.651163,13.908847,16.259344,12.116353,15.596772,12.040110,17.006341
14.311719,13.428153,12.079916,14.231145,14.956820,14.745798,12.569895,14.702623,14.327876,9.954979,12.512934,14.312283,13.386737,14.886093,17.005941,13.257275,15.094924,12.448098,16.153376,14.352538,14.369740,14.124344,10.471130,15.185884,15.150585,13.301046,12.415225,11.589209,15.856894,14.710926,14.441675,13.942197,15.277513,15.373425,15.660973,12.546667,11.642312,15.411319,13.566123,14.343100,13.357412,14.937988,11.619205,14.365241,12.979049,14.847968,14.126265,13.877147,15.241698,13.219790,15.351586,14.975465,0.000000,11.038284,14.379018,14.561541,13.614362,15.274627,15.320842,15.195407,12.428452,14.339543,11.586151,10.781145,15.075139,13.296571,14.973816,12.057715,12.358849,13.849037,13.268001,16.362651,13.324707,16.418663,12.406422,13.043282,13.129013,18.279687,13.042650,15.397889,16.903940,13.990798,14.522451,15.596811,16.491066
13.308789,11.809036,12.029876,10.427713,11.696537,13.608302,12.359074,13.590559,11.910776,11.624983,13.305415,13.724674,11.015762,12.481572,13.282186,12.185494,12.288113,7.959516,10.411722,10.809256,13.115373,11.177630,13.346453,10.933076,17.208654,13.368204,9.379548,12.868202,15.049118,13.789530,14.000296,12.610421,13.814696,14.487603,17.215070,13.319531,14.014947,13.841585,13.432665,13.197521,12.710877,16.230661,14.010868,12.930060,10.871229,15.136153,14.431782,11.301857,12.554662,12.320597,11.714332,15.401796,11.038284,0.000000,13.766881,12.919744,12.798885,13.254292,13.263510,12.028274,13.736288,14.736350,14.315186,12.385036,13.157007,13.796439,12.053436,12.438130,13.577811,13.452003,13.280526,11.602937,12.733821,13.433004,11.732297,11.485261,9.892515,16.414010,10.686678,9.078952,14.711422,11.603281,12.087286,12.530201,13.512230
14.604133,15.465726,14.534498,15.661679,15.375118,13.591602,10.599144,15.327261,14.017957,14.129840,14.771671,13.003102,15.290742,11.973044,15.564772,14.503179,14.098539,12.253922,13.444985,10.521651,12.803848,15.980526,13.193023,14.568893,16.701106,14.142356,12.152741,12.860854,15.512785,13.898826,11.709903,13.114795,13.427990,13.291145,15.332467,13.981391,16.541624,10.551958,10.717815,11.195489,14.441804,16.079955,14.200088,13.950851,14.412358,15.196025,13.935306,15.742296,14.760964,13.092625,12.965466,11.385114,14.379018,13.766881,0.000000,9.681099,14.045917,14.183962,15.673369,13.278382,14.898085,11.198402,14.465756,15.765546,15.885559,15.456324,13.497703,13.137282,15.562971,14.255841,14.331521,14.396089,12.471467,14.013842,15.150394,12.733868,14.357099,17.683050,11.316776,14.161565,14.945519,12.949609,13.481642,15.278663,17.388472
13.360250,12.257428,14.769147,11.522413,13.776088,13.442707,12.445111,11.374748,12.118684,9.905569,15.246336,14.546004,13.128440,11.102324,15.240181,12.001649,12.258865,12.122174,14.079668,13.943272,10.004237,13.461597,14.153726,13.962537,14.788867,14.859362,12.687910,15.482734,11.775235,16.288890,12.335009,15.104413,13.610372,15.746556,15.671436,14.194817,13.552791,15.750387,16.939448,12.441552,12.975572,13.655302,11.090572,10.483635,10.434747,13.657547,13.408649,11.564201,10.923007,10.115457,11.525134,15.774068,14.561541,12.919744,9.681099,0.000000,11.464927,14.929767,14.887159,14.429751,11.042062,9.842165,10.414929,10.847667,12.482116,15.778179,12.650222,10.036181,12.315774,12.388638,13.687706,11.758907,14.069205,13.344446,14.565044,12.422298,12.766311,10.389309,13.781672,13.152893,16.496985,12.461146,14.328120,13.096495,13.492722
12.912505,14.098274,12.759702,12.005008,10.264396,12.901789,12.840611,11.049624,14.549900,14.112089,14.991500,15.085642,11.613289,12.597508,16.489025,13.373144,12.842514,10.484755,12.190375,12.850253,13.337393,13.236267,14.027656,11.331653,15.322900,13.595026,9.917448,15.056125,10.778412,13.837528,9.337734,14.287145,11.756597,13.311293,14.830689,12.036999,14.682666,14.004051,15.302224,11.185025,12.682668,10.204912,14.372349,10.705343,12.810034,13.855999,13.007599,14.487884,11.665102,15.012942,13.031380,13.226833,13.614362,12.798885,14.045917,11.464927,0.000000,11.339312,12.075975,12.147570,12.358075,14.195334,11.569793,10.699834,10.049636,11.106370,12.389084,11.345856,12.613025,15.751729,12.518924,15.173111,12.228869,11.783499,14.408248,12.293311,12.290375,16.144798,13.931369,14.299296,13.558171,14.774193,14.142521,12.894652,17.188713
14.220059,13.790314,14.628359,12.404566,11.698183,14.553185,12.392812,14.827157,15.569216,13.336797,12.851448,16.707445,14.183146,14.533197,16.066379,13.066882,13.256451,10.003056,14.557156,11.003310,10.287454,13.728410,12.720061,11.770491,16.052039,12.620131,14.877137,13.010792,12.695967,15.536275,13.382004,13.047166,13.974256,11.407689,14.944347,13.248703,14.873263,13.515967,13.369645,11.812632,12.258279,13.834914,13.057293,12.684302,16.043796,15.500876,15.388439,12.120920,13.949572,15.253932,12.365590,14.454402,15.274627,13.254292,14.183962,14.929767,11.339312,0.000000,13.687984,12.794300,11.305730,13.002898,14.196089,13.471681,14.408378,15.449921,15.037876,12.607242,14.685675,13.416056,13.516145,12.485583,11.558075,12.457012,15.026347,13.898134,10.962968,16.147895,13.952204,12.876093,17.284848,15.404548,15.925480,12.783383,11.358457
11.195657,14.552118,11.169872,12.695529,12.340708,13.804687,13.048463,15.232890,11.557849,11.109707,16.505847,13.593063,13.091792,12.760261,14.247638,13.751822,14.935443,10.937278,11.355914,10.818488,12.721179,11.159507,14.849492,14.843079,15.536538,10.537516,14.422004,15.432427,13.401193,13.153175,13.478685,14.705843,13.784581,11.381980,14.488033,14.260907,13.734302,16.153849,13.725202,15.352204,12.847084,13.541411,11.891059,14.757227,13.643679,11.371508,12.631649,11.357527,14.286988,15.508301,12.804544,12.446362,15.320842,13.263510,15.673369,14.887159,12.075975,13.687984,0.000000,11.282887,10.491710,15.955005,11.749166,13.284095,12.582698,16.379931,11.254804,12.933903,13.558936,14.649907,13.431406,14.594541,11.464514,15.835439,11.844839,13.406493,10.897735,17.822230,11.554347,12.641909,16.394377,10.965880,10.979149,11.196748,15.307725
13.770274,11.336716,10.870251,11.901431,11.421151,13.323575,11.282403,12.681347,11.903216,13.731149,14.590251,10.678241,11.214727,12.599884,10.454865,11.337278,11.768613,12.543060,8.981019,12.484169,16.032157,14.263280,12.072891,12.746577,12.996594,10.500329,12.287391,14.336595,14.665455,13.008260,12.643444,12.707632,8.809993,10.344298,17.008199,12.690646,12.594285,14.626925,16.411390,11.984792,11.321965,12.559504,12.388940,13.674495,13.493111,13.574320,14.744119,13.105587,14.111662,14.212540,12.954514,12.284053,15.195407,12.028274,13.278382,14.429751,12.147570,12.794300,11.282887,0.000000,11.539766,10.491616,12.418633,9.929921,12.942665,12.636164,11.960743,12.578429,12.925610,13.930367,11.768046,12.662534,13.406452,12.042435,12.599274,13.509293,14.507454,19.506369,13.765240,12.777564,12.957623,12.854272,13.201586,10.204679,15.700078
11.899793,11.423655,12.208981,10.381013,13.237116,14.201961,12.003582,11.891746,8.972810,9.121914,13.021711,13.497461,12.879149,13.125684,14.356335,10.533628,12.222626,13.126150,12.696644,13.479884,11.360583,12.224202,12.839915,13.702172,14.005432,14.124573,10.696998,14.397283,11.644304,15.415173,12.404401,13.456929,12.482811,12.736997,15.512078,11.337014,11.814487,14.608674,14.743165,13.374856,13.859974,13.912571,7.464769,13.535066,12.708977,13.529661,12.792519,14.586402,13.619462,15.629204,14.065843,11.785717,12.428452,13.736288,14.898085,11.042062,12.358075,11.305730,10.491710,11.539766,0.000000,8.312395,11.380495,11.800395,12.891492,12.136582,14.503966,10.016989,10.246782,14.219147,13.929631,12.888177,10.645274,12.141707,13.666089,14.521204,11.472978,17.241542,13.773000,10.631375,14.618242,10.486335,9.919394,10.526497,14.590013
14.129689,11.470405,10.905769,11.304974,13.630012,13.478256,12.387402,14.654897,11.405890,11.544201,16.127167,13.236782,11.774691,10.802669,12.213953,14.003936,13.172708,14.912615,15.499354,14.130092,12.553968,11.806232,14.301719,12.750733,14.602046,14.274160,12.001509,14.470363,10.211121,16.176026,13.187492,14.094245,13.266311,13.983862,17.012780,13.771163,15.406174,13.113748,16.087039,15.100946,15.191027,16.180244,10.979415,13.285726,13.719530,13.828465,14.797595,14.015034,12.794282,12.434018,13.065129,12.280553,14.339543,14.736350,11.198402,9.842165,14.195334,13.002898,15.955005,10.491616,8.312395,0.000000,14.518917,13.029994,13.064657,16.263016,14.341288,12.774985,14.597277,12.309449,15.134780,11.866984,13.094509,12.460252,13.974538,14.264549,11.880736,17.215292,11.600505,12.432291,14.210208,13.210635,11.018339,13.613825,10.509902
14.211818,12.737319,13.030947,11.734474,12.586584,12.204662,12.861861,14.029865,12.420030,12.773035,15.022446,16.695716,13.563544,15.880032,15.744363,14.021925,14.842014,13.611781,12.235645,16.288493,14.184830,14.625407,13.585455,14.055330,17.624543,14.147348,11.209772,15.004405,14.610731,13.221241,12.993975,14.585950,13.661896,14.266247,17.476163,10.371128,11.420911,17.026157,15.465252,14.258706,13.239406,14.713463,12.220239,14.790570,12.542120,15.624582,11.751081,11.854820,12.431061,16.059798,15.118932,11.804488,11.586151,14.315186,14.465756,10.414929,11.569793,14.196089,11.749166,12.418633,11.380495,14.518917,0.000000,13.915711,15.122873,12.880704,13.319670,11.441348,13.479916,15.027072,14.409704,16.419512,13.501205,14.638997,14.563477,14.331562,11.367612,15.207846,14.118451,13.706264,15.266179,11.890131,13.837649,12.836363,15.944222
11.689314,10.954752,12.086880,11.595323,11.480815,12.245219,10.913976,12.535815,14.093629,12.968444,14.970517,12.159858,11.956779,12.423551,14.112302,9.238894,9.818944,12.077242,13.191788,9.597892,14.029689,11.628614,11.998443,12.487983,12.061105,11.080248,9.898068,12.803926,11.070982,12.696144,11.181208,12.829511,11.442277,13.900216,16.452961,13.032720,10.797748,10.563022,12.899485,11.673839,15.390146,11.907131,11.676698,13.633064,13.896163,14.834979,13.282048,13.108281,11.598748,12.636652,12.315620,11.822623,10.781145,12.385036,15.765546,10.847667,10.699834,13.471681,13.284095,9.929921,11.800395,13.029994,13.915711,0.000000,13.809309,14.748422,11.370646,10.418221,12.769267,13.559692,11.395312,10.068856,11.908149,13.203531,10.585036,12.080585,10.819554,16.005747,11.206524,11.722210,14.513116,12.773164,12.435950,11.879599,11.923295
12.025296,10.135493,13.746524,11.486560,12.227125,11.259153,11.345629,12.399819,13.298438,12.120737,14.510628,15.420708,12.839561,13.526842,12.952243,12.938590,11.868513,12.559812,15.330901,12.629108,13.763377,11.490992,13.185544,14.137984,17.486644,11.901871,12.740345,10.764892,14.767985,13.218609,12.933766,13.172160,10.914310,11.353005,15.971339,12.187745,13.176395,15.388897,13.288837,10.978448,12.906605,13.794469,11.979713,12.154849,13.410925,17.459518,13.713126,12.537921,10.951645,13.750532,13.043331,13.802226,15.075139,13.157007,15.885559,12.482116,10.049636,14.408378,12.582698,12.942665,12.891492,13.064657,15.122873,13.809309,0.000000,13.067219,12.981491,10.688194,11.945379,10.391920,10.326660,16.037436,11.262048,14.951937,12.148455,10.582380,12.396264,14.583897,13.113195,12.351508,16.798106,15.383703,14.457729,14.842730,15.596792
14.303290,14.581923,11.007019,12.011327,12.778851,15.052238,12.117768,16.354179,17.197464,12.828297,13.094335,15.563094,15.278798,15.397188,16.253409,13.158616,13.692179,14.568144,15.075320,14.976572,16.270025,17.144656,15.967523,14.116038,17.840110,13.368352,11.112611,17.677801,17.542568,16.576740,13.368508,13.177500,15.996342,12.823710,17.565062,12.265230,14.789815,16.709074,16.978399,14.974208,11.041268,16.035730,12.814855,15.438075,14.154046,15.524126,12.825338,15.762681,15.409418,12.847242,14.077711,14.029020,13.296571,13.796439,15.456324,15.778179,11.106370,15.449921,16.379931,12.636164,12.136582,16.263016,12.880704,14.748422,13.067219,0.000000,15.848102,11.810404,11.301513,14.838004,15.211055,17.415664,13.262092,15.925499,11.596805,15.005569,15.403261,17.932201,11.924871,16.520928,13.387243,14.377794,13.302470,14.060007,17.185049
11.770558,13.772839,13.304946,12.285103,8.151879,12.638819,13.553712,12.530066,16.059600,10.950965,13.562598,13.829652,12.038227,11.016570,15.172008,12.381450,12.900355,12.346317,12.812589,14.532154,13.363091,10.557303,12.338751,14.000655,15.738710,11.756888,10.850212,14.722942,12.708672,13.565277,13.263285,12.774584,13.321475,11.389339,13.577096,10.003681,12.455748,13.947957,15.937258,14.282200,13.907020,12.826380,11.533004,12.127222,15.522419,13.934654,13.703596,12.084524,14.036102,14.693693,10.779198,13.361430,14.973816,12.053436,13.497703,12.650222,12.389084,15.037876,11.254804,11.960743,14.503966,14.341288,13.319670,11.370646,12.981491,15.848102,0.000000,12.622825,13.179352,11.016811,11.538700,14.382272,14.126329,11.509861,12.935754,13.320632,12.582613,15.652436,12.755481,11.468498,16.240053,13.336608,13.684047,13.847754,14.484126
11.337439,12.135242,11.284842,11.501644,13.488121,11.357143,11.485329,11.074107,9.303314,12.968478,12.279062,13.426835,13.735520,10.967977,13.258601,11.003941,13.011959,11.721607,13.248226,12.692210,10.150992,11.714747,12.309966,10.815860,14.192250,11.787678,13.081332,14.314555,10.362172,11.872206,12.320530,8.664831,11.947934,12.056403,15.215952,11.919502,10.895232,14.809228,8.254731,11.023609,10.194144,12.579776,11.778264,12.885949,12.811072,12.766578,12.374271,14.079143,10.287291,12.541093,12.673209,12.176449,12.057715,12.438130,13.137282,10.036181,11.345856,12.607242,12.933903,12.578429,10.016989,12.774985,11.441348,10.418221,10.688194,11.810404,12.622825,0.000000,11.550401,13.198717,11.218090,11.712611,11.204653,10.897610,12.498916,10.837373,12.724058,16.799374,12.428788,9.397635,13.123764,11.312632,12.204192,11.077290,14.907334
12.222905,12.924271,12.303519,12.798511,11.531227,13.688090,12.817106,13.427656,12.826977,13.846725,12.577887,14.185004,12.796002,13.598439,14.480702,11.947859,12.423876,12.168183,12.064268,12.390048,11.032660,15.263983,10.726300,15.133687,11.602748,11.378993,12.111064,14.779515,13.055738,14.683864,12.971221,12.973446,9.627910,13.329240,13.385274,10.278593,13.959050,13.134456,12.952968,13.313142,13.910424,12.704260,10.679767,13.987501,12.670458,15.442017,13.279877,13.766118,10.802343,13.546581,15.142552,10.445525,12.358849,13.577811,15.562971,12.315774,12.613025,14.685675,13.558936,12.925610,10.246782,14.597277,13.479916,12.769267,11.945379,11.301513,13.179352,11.550401,0.000000,13.774255,12.047376,13.237184,10.376997,10.659043,13.607798,13.112655,11.214035,16.869976,11.105229,13.060308,15.799081,12.577570,12.400318,11.956807,12.459091
16.208621,12.777437,14.082341,10.327228,10.208046,13.875365,12.916340,15.453779,15.024664,14.549109,14.607730,15.091359,12.641639,12.209316,14.936545,13.611526,13.434282,13.233014,15.263430,15.710333,12.364328,12.426917,14.287564,15.201024,17.164639,15.387798,11.901028,11.374054,14.471274,13.997055,14.285185,14.288283,12.131299,12.862304,18.098410,12.838027,16.827489,19.069892,14.229312,16.372512,13.125267,15.100529,13.150215,13.816735,14.087516,17.836606,14.054673,13.881455,13.882988,16.690160,12.152605,17.570136,13.849037,13.452003,14.255841,12.388638,15.751729,13.416056,14.649907,13.930367,14.219147,12.309449,15.027072,13.559692,10.391920,14.838004,11.016811,13.198717,13.774255,0.000000,13.452594,13.336826,12.190292,14.278192,14.004592,15.501751,14.085147,17.081229,15.913519,10.991982,17.514699,12.636262,13.786005,15.395201,17.370069
12.488139,13.264588,15.293314,10.805625,12.955519,10.729236,12.829681,12.238896,12.400008,9.606170,13.586616,13.769835,12.676712,13.893994,12.460631,12.695068,13.024927,12.862823,12.415125,10.950416,12.887799,13.800806,12.429721,14.085584,12.178981,10.808181,12.373892,10.673777,12.505559,12.885777,10.375084,9.515629,11.278541,13.669277,16.019620,11.499137,13.348274,12.693367,13.515801,13.828261,13.675576,12.729071,11.558262,15.796147,13.799128,13.517033,13.046340,15.926412,8.958821,13.949153,13.527982,12.479137,13.268001,13.280526,14.331521,13.687706,12.518924,13.516145,13.431406,11.768046,13.929631,15.134780,14.409704,11.395312,10.326660,15.211055,11.538700,11.218090,12.047376,13.452594,0.000000,13.116825,12.164364,14.167108,12.772146,11.279634,12.497216,16.301089,13.594294,15.253671,14.072887,13.565824,13.731593,13.194896,16.787548
13.328177,10.878440,11.948564,11.597914,9.749270,12.863048,15.532561,12.407237,13.301274,12.284331,19.140487,15.080941,15.173614,13.176403,11.233122,16.440026,10.117043,11.902998,12.857609,14.550863,14.579373,14.200989,15.386533,12.736485,11.574369,15.852191,12.267154,13.791226,10.829081,14.512404,16.071056,16.933084,12.939095,12.987957,20.237926,16.027815,15.622962,17.481875,16.662716,13.289373,16.272319,15.835738,13.434589,14.869651,14.052046,10.659289,15.899902,14.219604,12.681392,16.592088,13.616797,14.725023,16.362651,11.602937,14.396089,11.758907,15.173111,12.485583,14.594541,12.662534,12.888177,11.866984,16.419512,10.068856,16.037436,17.415664,14.382272,11.712611,13.237184,13.336826,13.116825,0.000000,17.262813,14.068903,15.276169,15.576660,13.751349,17.641005,16.160548,12.850915,16.058875,13.060548,14.614316,11.987726,18.375725
12.536122,13.861900,14.047017,11.321391,11.525183,12.156453,12.619359,13.456171,11.547408,11.976573,13.100351,12.680661,12.466807,9.502348,11.112753,12.867842,12.736110,9.989715,11.941586,11.117430,12.648640,13.651687,10.811545,13.041065,14.531324,11.698189,12.397807,12.233331,12.482997,11.089677,12.027264,10.031124,12.021241,13.959398,17.818380,12.383382,13.004475,12.419675,12.084229,12.546145,14.642580,11.052862,12.704342,11.565109,14.859936,12.855697,12.509510,13.403832,13.692138,14.411541,10.229132,13.032481,13.324707,12.733821,12.471467,14.069205,12.228869,11.558075,11.464514,13.406452,10.645274,13.094509,13.501205,11.908149,11.262048,13.262092,14.126329,11.204653,10.376997,12.190292,12.164364,17.262813,0.000000,10.511289,11.441038,14.560591,13.047840,15.638238,11.733366,12.827324,14.608558,11.931969,12.176139,11.348739,15.780731
14.514421,12.660330,13.799803,12.543831,12.065308,10.324861,15.173605,12.836245,15.582653,13.113165,13.938756,14.308499,13.213839,12.948556,16.484667,12.850250,15.117793,12.105587,11.662724,14.019614,11.508362,11.314169,14.304488,13.441132,18.515289,11.499184,11.490725,17.537203,13.296075,14.098800,10.169285,15.284729,12.063590,14.304470,12.364416,14.526600,13.627324,13.536999,13.465187,12.861428,13.249750,13.072160,12.680239,14.007970,13.844593,15.884082,12.967255,12.539062,13.761537,14.526393,12.007492,13.994565,16.418663,13.433004,14.013842,13.344446,11.783499,12.457012,15.835439,12.042435,12.141707,12.460252,14.638997,13.203531,14.951937,15.925499,11.509861,10.897610,10.659043,14.278192,14.167108,14.068903,10.511289,0.000000,14.640935,10.910704,12.548479,17.381171,13.456869,15.346956,13.726916,12.977708,14.832020,13.296459,11.854284
14.158149,12.959691,10.710968,13.196424,13.441074,9.435361,10.618369,11.297445,10.936049,12.755208,12.931823,13.963100,12.080642,12.571865,13.727964,13.543889,11.727211,14.333204,12.500316,13.143964,11.996311,13.718720,8.298192,12.562152,15.104499,12.641827,11.827230,16.929803,11.859956,13.513818,14.335919,12.606632,11.376263,11.531746,13.399141,12.601255,11.912883,15.676762,14.853127,12.913207,13.131571,12.245344,14.001580,13.867461,14.412982,15.104203,9.286291,15.506513,13.282563,14.639908,13.648420,12.509867,12.406422,11.732297,15.150394,14.565044,14.408248,15.026347,11.844839,12.599274,13.666089,13.974538,14.563477,10.585036,12.148455,11.596805,12.935754,12.498916,13.607798,14.004592,12.772146,15.276169,11.441038,14.640935,0.000000,13.928171,14.280626,14.334936,10.998015,12.293189,16.648555,14.691752,10.571799,9.619296,15.846231
12.620135,13.644342,13.512242,10.401299,11.686919,12.011219,12.759222,14.493785,12.589402,11.511982,14.671002,15.969544,11.308732,13.901459,13.062195,12.419222,13.092522,11.891870,12.604138,11.970404,14.028622,13.314160,13.314246,10.946850,15.448132,10.426041,13.376042,13.278518,12.996150,13.103096,14.056023,12.213077,11.038477,14.498952,15.330903,13.249862,12.824165,15.639815,15.590687,12.403304,15.407593,12.804342,12.580215,14.544970,16.382271,15.774830,11.900583,11.307894,10.873309,13.694531,15.098571,14.793052,13.043282,11.485261,12.733868,12.422298,12.293311,13.898134,13.406493,13.509293,14.521204,14.264549,14.331562,12.080585,10.582380,15.005569,13.320632,10.837373,13.112655,15.501751,11.279634,15.576660,14.560591,10.910704,13.928171,0.000000,12.144116,16.909153,12.070617,13.987508,11.073255,11.549799,13.042071,12.107040,13.944039
13.773956,14.095545,13.018284,10.596828,13.725722,13.797621,11.855122,12.560314,13.770139,12.544839,13.416934,14.779757,13.192430,13.300752,12.679789,10.208225,12.240548,10.407066,12.348358,10.715501,11.368665,15.205127,15.194752,12.633280,15.476860,12.907029,12.127360,12.997581,14.401926,13.435236,10.737116,14.621067,13.966744,15.937319,16.923834,13.338387,13.789468,15.342656,16.891071,14.222957,15.165071,14.687159,14.267294,10.714065,9.702313,14.591813,14.919813,15.241081,13.083929,14.975244,11.672683,13.760978,13.129013,9.892515,14.357099,12.766311,12.290375,10.962968,10.897735,14.507454,11.472978,11.880736,11.367612,10.819554,12.396264,15.403261,12.582613,12.724058,11.214035,14.085147,12.497216,13.751349,13.047840,12.548479,14.280626,12.144116,0.000000,14.716836,14.090038,13.833827,15.859303,10.044738,11.606675,12.554188,15.071766
15.083989,16.664310,14.732918,16.360326,16.430671,16.097778,17.810809,13.636747,16.832584,15.896639,19.679810,17.188503,17.592923,13.813919,20.311495,15.711685,17.476153,14.366188,16.792419,16.522086,17.254849,15.973692,19.328081,17.167346,13.835163,20.324115,17.109182,17.370693,14.563595,19.288803,17.292051,20.025836,17.665629,18.376853,15.903583,13.965947,18.667678,18.853967,20.844555,16.035337,18.348276,16.962641,16.452310,15.233375,13.911420,19.494179,15.369744,17.353410,16.037672,14.105543,18.193061,19.287180,18.279687,16.414010,17.683050,10.389309,16.144798,16.147895,17.822230,19.506369,17.241542,17.215292,15.207846,16.005747,14.583897,17.932201,15.652436,16.799374,16.869976,17.081229,16.301089,17.641005,15.638238,17.381171,14.334936,16.909153,14.716836,0.000000,17.777614,16.800743,21.581673,18.407563,12.244948,16.225148,16.527131
12.700243,12.558363,10.333937,12.343365,12.024425,11.375270,10.596255,12.745613,10.854238,10.602730,10.238439,12.273741,12.979406,12.978593,13.529269,11.082133,11.188082,11.451679,12.098645,11.598700,13.073020,10.576206,12.307087,13.855334,13.656217,15.071030,10.503974,13.017796,11.302097,15.915375,12.255489,11.670957,10.581584,15.221112,15.745106,11.358948,11.928469,12.921501,13.543115,10.852611,11.258874,13.334426,11.973212,12.417190,12.331861,13.882881,11.537840,12.628472,12.233503,12.938049,11.848299,12.651163,13.042650,10.686678,11.316776,13.781672,13.931369,13.952204,11.554347,13.765240,13.773000,11.600505,14.118451,11.206524,13.113195,11.924871,12.755481,12.428788,11.105229,15.913519,13.594294,16.160548,11.733366,13.456869,10.998015,12.070617,14.090038,17.777614,0.000000,12.560421,12.948393,10.945446,14.876326,11.492004,14.512632
13.348651,11.149834,14.662378,9.491509,14.138558,12.386587,11.462151,13.476991,12.179080,12.081855,14.640995,15.548367,12.382687,11.417382,14.710538,12.382170,13.460141,8.347189,15.827469,14.311255,13.678261,12.273196,13.191885,13.816571,14.851222,13.455400,15.113309,12.265898,13.347534,12.996217,13.941677,15.072961,9.001680,12.177538,14.604871,10.714925,12.747479,13.737605,15.932669,11.599488,12.481197,13.724254,14.627074,10.323951,11.073148,15.583957,13.132666,12.762307,13.902864,12.134449,13.551252,13.908847,15.397889,9.078952,14.161565,13.152893,14.299296,12.876093,12.641909,12.777564,10.631375,12.432291,13.706264,11.722210,12.351508,16.520928,11.468498,9.397635,13.060308,10.991982,15.253671,12.850915,12.827324,15.346956,12.293189,13.987508,13.833827,16.800743,12.560421,0.000000,14.627457,13.717139,9.235989,12.755050,13.752298
13.101144,12.559104,11.019001,15.181718,14.194903,14.683802,16.014839,16.139634,16.270124,14.412504,13.837042,17.623692,16.200231,15.120264,17.432940,16.948543,14.228521,15.734092,12.710169,15.150153,14.173502,14.684898,12.084374,12.883367,14.256986,15.945418,15.373867,18.840753,15.415675,14.838067,14.772505,11.157827,16.987768,13.177865,19.442678,13.286734,16.018289,16.026141,11.723374,14.171542,15.498996,12.255694,12.137274,14.812645,16.942407,15.834017,15.444733,14.247187,16.004222,14.594733,12.220155,16.259344,16.903940,14.711422,14.945519,16.496985,13.558171,17.284848,16.394377,12.957623,14.618242,14.210208,15.266179,14.513116,16.798106,13.387243,16.240053,13.123764,15.799081,17.514699,14.072887,16.058875,14.608558,13.726916,16.648555,11.073255,15.859303,21.581673,12.948393,14.627457,0.000000,15.177587,16.187316,15.116937,17.868271
9.770942,11.963954,12.328351,14.047913,12.471385,11.362880,12.789316,13.044914,10.554366,11.762350,14.176413,12.688387,13.589811,13.258295,13.205996,11.229621,13.810425,13.270876,12.892701,13.451521,10.970998,11.869915,12.180681,15.941580,16.105250,12.283075,10.536066,13.184586,13.813743,15.071075,13.094799,12.727185,14.340239,12.587754,14.147746,11.893703,11.869063,11.668250,13.013229,12.417253,13.626000,10.353566,10.169204,11.555894,12.666801,16.780510,10.759860,15.014945,14.687182,14.136823,12.701658,12.116353,13.990798,11.603281,12.949609,12.461146,14.774193,15.404548,10.965880,12.854272,10.486335,13.210635,11.890131,12.773164,15.383703,14.377794,13.336608,11.312632,12.577570,12.636262,13.565824,13.060548,11.931969,12.977708,14.691752,11.549799,10.044738,18.407563,10.945446,13.717139,15.177587,0.000000,15.068905,12.314245,12.425036
12.702734,11.042129,7.030379,9.608130,12.887963,11.127315,11.719280,9.827010,11.337421,7.483359,14.507201,14.249253,15.618542,12.976041,12.524620,9.944153,11.161285,7.550324,13.667188,13.612004,11.476227,12.816190,15.551232,14.510581,16.407091,15.231437,14.622979,14.455343,11.894210,12.500875,12.212773,14.358524,14.798458,11.760268,16.407359,13.063311,14.810845,15.794325,16.064867,14.070773,13.112497,14.097020,11.055558,12.045569,13.837405,12.106087,13.138295,11.826720,14.171518,13.552901,14.006504,15.596772,14.522451,12.087286,13.481642,14.328120,14.142521,15.925480,10.979149,13.201586,9.919394,11.018339,13.837649,12.435950,14.457729,13.302470,13.684047,12.204192,12.400318,13.786005,13.731593,14.614316,12.176139,14.832020,10.571799,13.042071,11.606675,12.244948,14.876326,9.235989,16.187316,15.068905,0.000000,11.433305,14.029288
13.910120,11.754100,10.938422,10.718553,12.778739,11.452147,12.921645,15.025811,11.499946,9.938467,12.345068,13.013351,12.134893,11.110282,12.111189,13.020298,13.534594,11.490764,13.993839,12.608604,13.389653,12.079212,10.229823,14.898573,14.494687,12.525665,16.601504,15.445320,12.914849,8.720514,12.780865,12.274935,11.734449,15.662336,16.847020,9.542549,10.064762,13.882922,12.687120,10.433495,13.950382,11.628641,10.925455,11.473724,16.339455,12.784963,12.333425,14.164347,12.655439,15.352951,11.980768,12.040110,15.596811,12.530201,15.278663,13.096495,12.894652,12.783383,11.196748,10.204679,10.526497,13.613825,12.836363,11.879599,14.842730,14.060007,13.847754,11.077290,11.956807,15.395201,13.194896,11.987726,11.348739,13.296459,9.619296,12.107040,12.554188,16.225148,11.492004,12.755050,15.116937,12.314245,11.433305,0.000000,13.923122
15.010074,16.310606,16.868085,15.337597,15.686900,14.186707,17.178198,11.699145,15.767579,10.965634,16.564198,13.272264,15.883633,12.451443,16.399989,12.898381,16.988312,14.611812,16.028554,14.516106,12.934100,16.171013,17.244244,15.675103,12.152832,17.975032,14.998052,12.734347,16.649682,18.147732,11.235827,15.217391,15.346452,16.865481,14.403219,14.538996,12.386391,13.267570,15.681497,13.000768,14.561100,14.667582,14.701332,11.235198,15.041801,15.366974,14.479651,16.427709,12.676172,15.776245,17.042886,17.006341,16.491066,13.512230,17.388472,13.492722,17.188713,11.358457,15.307725,15.700078,14.590013,10.509902,15.944222,11.923295,15.596792,17.185049,14.484126,14.907334,12.459091,17.370069,16.787548,18.375725,15.780731,11.854284,15.846231,13.944039,15.071766,16.527131,14.512632,13.752298,17.868271,12.425036,14.029288,13.923122,0.000000
